id,name,read,pattern,sequence,feature_type,target_gene_id,target_gene_name
BATF3_2,BATF3_2,R2,5PNNNNNNNNNNNNNNNNNNNN(BC),CGCGTCGGCCCAGTGTCCCCG,CRISPR Guide Capture,ENSG00000123685,BATF3
EOMES_11,EOMES_11,R2,5PNNNNNNNNNNNNNNNNNNNN(BC),CCTTTATAATAAGGCCACCGG,CRISPR Guide Capture,ENSG00000163508,EOMES
BATF_3,BATF_3,R2,5PNNNNNNNNNNNNNNNNNNNN(BC),TAGGTCTTTTCCCAGATATGT,CRISPR Guide Capture,ENSG00000156127,BATF
BHLHE40_7,BHLHE40_7,R2,5PNNNNNNNNNNNNNNNNNNNN(BC),TGGCCCTTCAAGCCTCAACTG,CRISPR Guide Capture,ENSG00000134107,BHLHE40
BATF_6,BATF_6,R2,5PNNNNNNNNNNNNNNNNNNNN(BC),GCTGGAAGTCACATGGGCGGA,CRISPR Guide Capture,ENSG00000156127,BATF
ZFP1_6,ZFP1_6,R2,5PNNNNNNNNNNNNNNNNNNNN(BC),TCGCCGCTGGTGGTGGGGGAA,CRISPR Guide Capture,ENSG00000184517,ZFP1
EOMES_8,EOMES_8,R2,5PNNNNNNNNNNNNNNNNNNNN(BC),CTCCCAGGCTCACACGCTGGA,CRISPR Guide Capture,ENSG00000163508,EOMES
IRF2_7,IRF2_7,R2,5PNNNNNNNNNNNNNNNNNNNN(BC),GCATTTTCCGTCTGCAAAACA,CRISPR Guide Capture,ENSG00000168310,IRF2
BATF_5,BATF_5,R2,5PNNNNNNNNNNNNNNNNNNNN(BC),TGAAGTTTCCGCCCATGTGAC,CRISPR Guide Capture,ENSG00000156127,BATF
BATF3_18,BATF3_18,R2,5PNNNNNNNNNNNNNNNNNNNN(BC),GCGCCACTCTCGCTCCTCCAG,CRISPR Guide Capture,ENSG00000123685,BATF3
CREM_1,CREM_1,R2,5PNNNNNNNNNNNNNNNNNNNN(BC),CCTTAGTTTACCTAGAAGCCT,CRISPR Guide Capture,ENSG00000095794,CREM
NR1D1_7,NR1D1_7,R2,5PNNNNNNNNNNNNNNNNNNNN(BC),TGCCCCGTTTCTCCCCATCAC,CRISPR Guide Capture,ENSG00000126368,NR1D1
BATF3_4,BATF3_4,R2,5PNNNNNNNNNNNNNNNNNNNN(BC),GCTCCTCCAGCGGCCCCGAAG,CRISPR Guide Capture,ENSG00000123685,BATF3
NFE2L1_12,NFE2L1_12,R2,5PNNNNNNNNNNNNNNNNNNNN(BC),CCTTCTGGGAAAGGAATGTGC,CRISPR Guide Capture,ENSG00000082641,NFE2L1
GABPA_13,GABPA_13,R2,5PNNNNNNNNNNNNNNNNNNNN(BC),TCTTTTTCCCCTCCTTGAAAC,CRISPR Guide Capture,ENSG00000154727,GABPA
NFATC3_7,NFATC3_7,R2,5PNNNNNNNNNNNNNNNNNNNN(BC),TCCTCGACATGAGCTCCGCCC,CRISPR Guide Capture,ENSG00000072736,NFATC3
FOXD2_4,FOXD2_4,R2,5PNNNNNNNNNNNNNNNNNNNN(BC),CCTCGTCCTCGGCTAAGTCTG,CRISPR Guide Capture,ENSG00000186564,FOXD2
POU2F1_7,POU2F1_7,R2,5PNNNNNNNNNNNNNNNNNNNN(BC),TGGCTTCATTTTTCGTCTCGG,CRISPR Guide Capture,ENSG00000143190,POU2F1
RREB1_6,RREB1_6,R2,5PNNNNNNNNNNNNNNNNNNNN(BC),CCTCCATCCATCCCGGGATGG,CRISPR Guide Capture,ENSG00000124782,RREB1
JUN_5,JUN_5,R2,5PNNNNNNNNNNNNNNNNNNNN(BC),AGCCCTTATCCAGCCCGAGCT,CRISPR Guide Capture,ENSG00000177606,JUN
CREM_7,CREM_7,R2,5PNNNNNNNNNNNNNNNNNNNN(BC),CCTGTAATAAACCATCTTAAT,CRISPR Guide Capture,ENSG00000095794,CREM
NR4A1_5,NR4A1_5,R2,5PNNNNNNNNNNNNNNNNNNNN(BC),CCAAGTTTCGTAGCCTCCGCC,CRISPR Guide Capture,ENSG00000123358,NR4A1
DNMT1_1,DNMT1_1,R2,5PNNNNNNNNNNNNNNNNNNNN(BC),CCGTAGCTCCCTGGTGGCTAG,CRISPR Guide Capture,ENSG00000130816,DNMT1
FOXO1_2,FOXO1_2,R2,5PNNNNNNNNNNNNNNNNNNNN(BC),CCGCGCCTTCCTCCCAGTTTC,CRISPR Guide Capture,ENSG00000150907,FOXO1
MYB_5,MYB_5,R2,5PNNNNNNNNNNNNNNNNNNNN(BC),CCATTCATCAGTCTCTGGAGC,CRISPR Guide Capture,ENSG00000118513,MYB
TCF7L1_9,TCF7L1_9,R2,5PNNNNNNNNNNNNNNNNNNNN(BC),TCCTGCGCCTCACACTGCACC,CRISPR Guide Capture,ENSG00000152284,TCF7L1
BACH2_8,BACH2_8,R2,5PNNNNNNNNNNNNNNNNNNNN(BC),TCCCCATTCACAATAACTTTA,CRISPR Guide Capture,ENSG00000112182,BACH2
BATF3_13,BATF3_13,R2,5PNNNNNNNNNNNNNNNNNNNN(BC),GCGCCGGGGGGCGGACGCAGG,CRISPR Guide Capture,ENSG00000123685,BATF3
FLI1_9,FLI1_9,R2,5PNNNNNNNNNNNNNNNNNNNN(BC),CCGCCGCTTCGCCTCCCCGGC,CRISPR Guide Capture,ENSG00000151702,FLI1
HIC1_11,HIC1_11,R2,5PNNNNNNNNNNNNNNNNNNNN(BC),GTCCCGTGCTCGCGGGCAGGA,CRISPR Guide Capture,ENSG00000177374,HIC1
KLF2_11,KLF2_11,R2,5PNNNNNNNNNNNNNNNNNNNN(BC),CCAGGGTTCTGCAGCCCTCTC,CRISPR Guide Capture,ENSG00000127528,KLF2
MYB_8,MYB_8,R2,5PNNNNNNNNNNNNNNNNNNNN(BC),GCACAGGTAACGGGGAGCCGG,CRISPR Guide Capture,ENSG00000118513,MYB
NT_83,NT_83,R2,5PNNNNNNNNNNNNNNNNNNNN(BC),ATTCGGCCACCAGGGCCCCAA,CRISPR Guide Capture,Non-Targeting,Non-Targeting
NT_84,NT_84,R2,5PNNNNNNNNNNNNNNNNNNNN(BC),ATGCTGCTGAGACCGTGATCT,CRISPR Guide Capture,Non-Targeting,Non-Targeting
NT_85,NT_85,R2,5PNNNNNNNNNNNNNNNNNNNN(BC),TCGCTTGGACCCGCATCCGTC,CRISPR Guide Capture,Non-Targeting,Non-Targeting
NT_86,NT_86,R2,5PNNNNNNNNNNNNNNNNNNNN(BC),GACGTGATACACCAGTACGGA,CRISPR Guide Capture,Non-Targeting,Non-Targeting
NT_88,NT_88,R2,5PNNNNNNNNNNNNNNNNNNNN(BC),CCAGCCGCCTCCAAAACGCGC,CRISPR Guide Capture,Non-Targeting,Non-Targeting
NT_90,NT_90,R2,5PNNNNNNNNNNNNNNNNNNNN(BC),CGAGGAGAGGGCGTTACGTGT,CRISPR Guide Capture,Non-Targeting,Non-Targeting
NT_92,NT_92,R2,5PNNNNNNNNNNNNNNNNNNNN(BC),GCCGCCGACCTCGCCTGCCGG,CRISPR Guide Capture,Non-Targeting,Non-Targeting
NT_94,NT_94,R2,5PNNNNNNNNNNNNNNNNNNNN(BC),GTTGCGATGTAGGTGCTCAAC,CRISPR Guide Capture,Non-Targeting,Non-Targeting
